symbol,first_date,first_sales,first_profit,first_operating,first_realprofit,second_date,second_sales,second_profit,second_operating,second_realprofit,thirth_date,thirth_sales,thirth_profit,thirth_operating,thirth_realprofit,fourth_date,fourth_sales,fourth_profit,fourth_operating,fourth_realprofit
MMM,210331,8851,4327,1983,1624,201231,8583,4246,1839,1389,200930,8350,4047,1909,1413,200630,7176,3426,1740,1290
ABT,210331,10456,6056,2109,1793,201231,10701,6237,2437,2162,200930,8853,4890,1545,1232,200630,7328,4065,682,537
ABBV,210331,13010,8818,4103,3553,201231,13858,9174,3753,36,200930,12902,7852,3255,2308,200630,10425,6714,752,-738
ABMD,210331,241.25,195.17,62.8,56.86,201231,231.66,190.55,71.35,61.87,200930,209.76,171.03,61.34,62.21,200630,164.85,128.87,34.07,44.59
ACN,210228,12088.12,3595.23,1653.52,1440.86,201130,11762.18,3898.3,1890.67,1500.28,200831,10835.27,3440.54,1544.7,1287.93,200531,10991.31,3528.69,1712.73,1228.2
ATVI,210331,2275,1697,795,619,201231,2412,1595,595,509,200930,1954,1485,747,604,200630,1932,1463,749,580
ADBE,210305,3905,3458,1454,1261,201127,3424,2996,1215,2250,200828,3225,2798,1069,955,200529,3128,2713,1016,1100
AMD,210327,,1587,648,555,201226,,1451,554,1781,200926,,1230,411,390,200627,,848,173,157
AAP,210424,3330.37,1487.23,252.13,185.93,210102,2365.13,1085.23,151.83,112,201003,2541.93,1128.55,208.79,147.48,200711,2501.38,1097.01,262.85,189.96
AES,210331,2635,664,166,-148,201231,2560,906,771,318,200930,2545,756,-292,-333,200630,2217,524,423,-83
AFL,210331,,,1665,1293,201231,,,1278,952,200930,,,1216,2456,200630,,,1133,805
A,210430,1525,817,288,216,210131,1548,838,328,288,201031,1483,788,299,222,200731,1261,669,230,199
APD,210331,2502,756.5,548.5,473.1,201231,2375.2,742.8,539.1,482,200930,2320.1,753.6,560.2,486.8,200630,2065.2,720.3,539.2,446.5
AKAM,210331,,536.02,182.36,155.69,201231,,542.44,134.62,113.37,200930,,509.41,181.16,158.62,200630,,517.91,190.43,161.91
ALK,210331,,218,-161,-131,201231,,313,-621,-447,200930,,230,-571,-431,200630,,97,-288,-214
ALB,210331,,263.69,124.16,95.68,201231,,265.42,125.14,84.64,200930,,254.06,144.23,98.3,200630,,233.36,112.3,85.62
ARE,210331,,341.96,54.67,8.12,201231,,326.95,83.44,441.48,200930,,404.6,130.41,81.06,200630,,313.05,100.03,229.65
ALXN,210331,1636.5,1511.1,636.2,636,201231,1591.8,1439.6,622.1,535.8,200930,1588.7,1444,684.9,578.1,200630,1444.6,1299.7,-1370.2,-1068.1
ALGN,210331,,677.1,225.45,200.38,201231,,610.46,213.18,158.99,200930,,534.09,177.07,139.37,200630,,224.33,-73,-40.6
ALLE,210331,,297.4,131.3,108,201231,,320.7,117.7,93.3,200930,,321.1,160.4,146.9,200630,,248.9,96.5,73.7
LNT,210331,,,198,174,201231,,,112,66,200930,,,272,249,200630,,,168.1,136.9
ALL,210331,12451,,3032,-1381,201231,12018,,3310,2624,200930,11500,,1442,1153,200630,11197,,1546,1250
GOOGL,210331,,31211,16437,17930,201231,,30818,15651,15227,200930,,25056,11213,11247,200630,,19744,6383,6959
GOOG,210331,55314,31211,16437,17930,201231,56898,30818,15651,15227,200930,46173,25056,11213,11247,200630,38297,19744,6383,6959
MO,210331,6036,3273,2114,1424,201231,6304,3162,2642,1924,200930,7123,3718,455,-952,200630,6367,3339,2835,1943
AMZN,210331,,46115,8865,8107,201231,,46271,6873,7222,200930,,39039,6194,6331,200630,,36252,5843,5243
AMCR,210331,3207,682,373,267,201231,3103,651,307,219,200930,3097,654,276,198,200630,3142.7,719.5,309.9,179.1
AEE,210331,1566,,316,233,201231,1328,,211,115,200930,1628,,494,367,200630,1398,,354,243
AAL,210331,,1675,-1315,-1250,201231,,1787,-2515,-2178,200930,,1102,-2871,-2399,200630,,35,-2486,-2067
AEP,210331,,,810.3,575,201231,,,570.2,435.5,200930,,,943.2,748.6,200630,,,722.7,520.8
AXP,210331,9198,6504,2993,2235,201231,9506,6748,1858,1438,200930,8953,6488,1364,1073,200630,7935,6118,622,257
AIG,210331,14454,,5070,3876,201231,9676,,-200,-53,200930,10221,,747,288,200630,9396,,-9296,-7928
AMT,210331,2158.5,1584.2,803,645,201231,2122.5,1549.9,674.3,365.1,200930,2012.9,1450.3,747.9,464.4,200630,1913,1373,691.3,446.1
AWK,210331,888,,229,133,201231,923,,263,145,200930,1079,,433,264,200630,931,,313,176
AMP,210331,,2016,535,437,201231,,984,228,177,200930,,1805,-147,-140,200630,,1510,-485,-539
ABC,210331,49154.17,1533.38,624.35,435.27,201231,52516.56,1452.23,547.23,374.85,200930,49244.77,1346.32,-6113.14,-4846.07,200630,45366.78,1225.72,382.66,289.44
AME,210331,1215.74,426.35,293.35,219.23,201231,1198.95,428.98,298.11,221.03,200930,1126.94,394.24,270.74,204.58,200630,1011.92,342.73,226.99,166.22
AMGN,210331,,4411,2129,1646,201231,,5037,2008,1615,200930,,4862,2453,2021,200630,,4718,2323,1803
APH,210331,,727.5,464.8,329.6,201231,,765.6,488.3,357,200930,,734.9,475.8,346.6,200630,,603.8,357.4,257.7
ADI,210501,1661.41,1136.64,519.69,422.9,210130,1558.46,1045.37,463.86,388.52,201031,1526.3,1023.08,461.67,386.53,200801,1456.14,972.58,419.12,362.67
ANSS,210331,363.23,301.12,50.02,72.4,201231,623.69,555.78,259.39,215.63,200930,366.96,313.58,90.08,75.63,200630,385.66,331.8,112.81,96.56
ANTM,210331,,,2368,1665,201231,,,802,551,200930,,,587,222,200630,,,3350,2276
AON,210331,3525,,1245,913,201231,2965,,713,524,200930,2385,,441,275,200630,2497,,587,398
AOS,210331,,288.6,126.1,97.7,201231,,324.1,151.9,120,200930,,297.1,137.3,105.4,200630,,247.5,87,67.8
APA,210331,1871,1113,511,388,201231,1219,800,115,10,200930,1120,786,158,-4,200630,752,442,-154,-386
AAPL,210327,89584,38079,27503,23630,201226,111439,44328,33534,28755,200926,64698,24689,14775,12673,200627,59685,22680,13091,11253
AMAT,210502,5582,2653,1579,1330,210131,5162,2349,1283,1130,201025,4688,2130,1283,1131,200726,4395,1955,1108,841
APTV,210331,4023,727,429,295,201231,4212,785,446,299,200930,3668,647,364,299,200630,1960,17,-315,-366
ADM,210331,,1548,740,689,201231,,1352,585,687,200930,,1042,6,225,200630,,1108,454,469
ANET,210331,667.56,425.27,206.29,180.37,201231,648.48,414.58,194.64,182.96,200930,605.43,384.96,188.4,168.38,200630,540.57,344.09,166.99,144.79
AJG,210331,,862.1,460.6,382.1,201231,,580.6,177.1,142.2,200930,,634.9,255,176.6,200630,,596,226.8,153.7
AIZ,210331,2433.6,,221.5,163,201231,2560.8,,210.2,139.2,200930,2504,,21.4,-30.2,200630,2474.5,,253.1,178.1
T,210331,,22852,7661,7550,201231,,22781,-10745,-13883,200930,,22501,6132,2816,200630,,22967,3532,1281
ATO,210331,1319.07,,381.8,296.75,201231,914.48,,298.84,217.68,200930,474.91,,100.84,65.33,200630,493,,139.03,117.79
ADSK,210430,,896.5,133.8,155.6,210131,,948.6,184.4,911.3,201031,,868.7,168,132.2,200731,,832.2,146.1,98.2
ADP,210331,,1829.8,1058.3,810.7,201231,,1580,815.3,647.5,200930,,1441.3,752.6,602.1,200630,,1313.8,514.2,411.6
AZO,210508,3651.02,1914.95,803.5,596.16,210213,2910.82,1559.38,481.77,345.95,201121,3154.26,1675.62,615.23,442.43,200829,4545.97,2412.97,1018.04,740.46
AVB,210331,,341.68,88.7,142.22,201231,,342.66,91.68,341.13,200930,,354.56,111.52,147.7,200630,,378.3,132.43,170.83
AVY,210403,2051.3,597,267.6,209.5,210102,1990.9,571.1,257.4,191.5,200926,1729.1,484.2,197.9,150.5,200627,1528.5,382.9,103.5,79.7
BKR,210331,,858,285,-452,201231,,1009,182,652,200930,,757,-49,-170,200630,,1433,-16111,-10422
BLL,210331,3125,632,300,200,201231,3102,654,296,227,200930,3093,663,373,241,200630,2801,571,178,94
BAC,210331,24019,,,8050,201231,21307,,,5470,200930,21693,,,4881,200630,24018,,,3533
BK,210331,4004,,,927,201231,3939,,,749,200930,3964,,,937,200630,4173,,,950
BAX,210331,2946,1165,390,298,201231,3181,1219,250,168,200930,2972,1200,470,356,200630,2718,1045,331,246
BDX,210331,4907,2246,414,299,201231,5315,2732,1230,1003,200930,4784,2265,255,128,200630,3855,1660,358,286
BRKB,210331,64599,14630,8577,11711,201231,64381,13604,5656,35835,200930,63024,13745,6058,30137,200630,56840,12961,-4419,26295
BBY,210501,11637,2721,769,595,210130,16937,3530,1033,816,201031,11853,2831,561,391,200801,9910,2270,568,432
BIO,210331,726.8,400.63,100.06,977.41,201231,789.84,460.15,175.24,839.1,200930,647.26,367.31,109.6,1314.82,200630,536.88,292.99,58.84,966.43
BIIB,210331,,2215.9,973.9,410.2,201231,,2362,-330.6,357.9,200930,,2927,1086.4,701.5,200630,,3270.5,1974.5,1542.1
BLK,210331,,3573,1545,1199,201231,,3690,1848,1548,200930,,3656,1757,1364,200630,,2973,1406,1214
BA,210331,,1409,-83,-537,201231,,-5190,-8049,-8420,200930,,1034,-401,-449,200630,,-1171,-2964,-2376
BKNG,210331,,,-311,-55,201231,,,-153,-165,200930,,,315,801,200630,,,-484,122
BWA,210331,,818,403,65,201231,,772,223,358,200930,,517,284,111,200630,,174,-78,-98
BXP,210331,,450.75,228,100.6,201231,,404.71,205.37,10.31,200930,,428.95,234.32,92.48,200630,,890.06,465.63,769.94
BSX,210331,2752,1846,370,341,201231,2709,1696,50,211,200930,2659,1778,-205,-155,200630,2003,1204,-71,-148
BMY,210331,,8570,1751,2021,201231,,8766,-11831,-10027,200630,,7443,942,-85,200331,,7112,881,-775
AVGO,210502,6610,4061,1950,1493,210131,6655,3967,1837,1378,201101,6467,3752,1526,1324,200802,5821,3331,1008,688
BR,210331,,429.3,239.2,164.9,201231,,248.4,79.5,56.3,200930,,230.3,78.6,65.9,200630,,477.7,298.8,229.7
BFB,210430,812,498,168,120,210131,911,550,281,219,201031,985,581,330,240,200731,753,465,387,324
CHRW,210331,,702.38,223.33,173.31,201231,,640.58,206.8,147.81,200930,,589.27,168.24,136.53,200630,,614.45,188.79,143.94
COG,210331,,306.1,175.44,126.35,201231,,292.7,162.89,131.21,200930,,123.86,-7.53,-14.96,200630,,179.68,53.72,30.37
CDNS,210403,,652.06,203.94,187.17,210102,,686.37,184.98,173.74,200926,,584.32,169.27,161.63,200627,,563.2,151.95,131.29
CZR,210331,1699,837,186,-423,201231,1497,645,-107,-555,200930,1377,620,-325,-926,200630,600,246,-202,-276
CPB,210502,1984,630,272,160,210131,2279,781,401,245,201101,2340,814,461,309,200802,2108,750,167,86
COF,210331,,,,3325,201231,,,,2566,200930,,,,2406,200630,,,,-2258
CAH,210331,,1812,473,119,201231,,1776,461,629,200930,,1715,-625,-253,200630,,1590,263,656
KMX,210228,5164.26,641.37,262.25,209.94,201130,5184.94,631.43,310.5,235.3,200831,5372.17,752.14,388.34,296.7,200531,3228.78,354.18,4.16,4.98
CCL,210228,,-328,-1524,-1973,201130,,-350,-1642,-2222,200831,,-400,-2333,-2859,200531,,-685,-4177,-4374
CARR,210331,4699,1399,571,384,201231,4594,1300,1245,884,200930,5002,1560,1081,741,200630,3972,1146,442,261
CTLT,210331,1053.3,365.6,351.4,231.8,201231,910.8,298.2,126.6,88.4,200930,845.7,248.9,81.5,82.4,200630,947.6,334.6,170,154.2
CAT,210331,11887,3883,1814,1530,201231,11235,3458,1380,780,200930,9881,2974,985,668,200630,9997,2892,784,458
CBOE,210331,1010.8,365.5,204.6,137.2,201231,844.2,307.1,134.8,87.3,200930,792.7,292,139.3,109.9,200630,868.7,296.9,161.7,113.6
CBRE,210331,5938.88,1219.33,269.08,266.2,201231,6910.5,1539.67,368.3,313.76,200930,5645.14,1080.56,211.41,184.13,200630,5381.38,989.25,94.17,81.9
CDW,210331,4837.5,795.2,323.4,232.6,201231,4956.2,880.9,332.2,238.3,200930,4756.4,825.5,317.8,193.2,200630,4365.7,747.2,283.4,189.1
CE,210331,1798,485,326,322,201231,1591,376,1611,1453,200930,1411,327,184,207,200630,1193,242,83,107
CNC,210331,,,1072,699,201231,,,-2,-12,200930,,,862,568,200630,,,2029,1206
CNP,210331,2547,,453,363,201231,2054,,285,200,200930,1622,,302,121,200630,1575,,235,105
CERN,210331,,1157.12,218.06,172.25,201231,,1160.35,177.47,141.5,200930,,1136.78,411.82,356.68,200630,,1118.39,146.9,134.75
CF,210331,1048,289,241,151,201231,1102,180,156,87,200930,847,94,40,-28,200630,1204,349,280,190
CRL,210327,824.57,308.28,123.7,61.53,201226,790.99,299.97,128.93,143.19,200926,743.3,289.27,132.75,102.91,200627,682.58,232.24,76.77,67.44
SCHW,210331,,4715,1960,1484,201231,,4176,1476,1135,200930,,2448,889,698,200630,,2450,888,671
CHTR,210331,12522,6558,2068,807,201231,12624,6787,2440,1246,200930,12039,6342,2114,814,200630,11696,6074,1933,766
CVX,210331,31350,13785,2117,1377,201231,24843,11456,-865,-665,200930,23997,10549,-168,-207,200630,16142,7998,-7595,-8270
CMG,210331,,490.52,161.44,127.1,201231,,412.44,116.89,190.96,200930,,409.92,107.1,80.24,200630,,262.34,-4.94,8.18
CB,210331,,,3255,2300,201231,,,2250,2418,200930,,,977,1194,200630,,,-213,-331
CHD,210331,1238.9,550.9,302.6,220.7,201231,1295.3,557.4,190.6,150.2,200930,1241,565.2,273.8,216.2,200630,1194.3,559.6,250.7,189.7
CI,210331,,,1827,1161,201231,,,5715,4135,200930,,,2140,1388,200630,,,2663,1754
CINF,210331,,,781,620,201231,,,1330,1049,200930,,,627,484,200630,,,1159,909
CTAS,210228,1777.06,809.52,326.47,258.38,201130,3503.62,1646.09,702.58,584.86,200831,1746.57,826.2,349.71,300,200531,1619.58,707.82,207.43,144.59
CSCO,210501,,8185,3465,2863,210123,,7784,3223,2545,201024,,7581,2570,2174,200725,,7684,3247,2636
C,210331,,,,7942,201231,,,,3979,200930,,,,3230,200630,,,,1316
CFG,210331,1758,,,611,201231,1827,,,456,200930,1934,,,314,200630,1940,,,253
CTXS,210331,775.77,632.3,92.33,90.05,201231,809.66,676.21,135.28,112.09,200930,767.17,639.88,128.31,98.23,200630,798.93,676.69,143.67,112.91
CLX,210331,1781,774,-59,-61,201231,1842,837,332,259,200930,1916,920,526,415,200630,1983,929,395,310
CME,210331,,,725.1,574.4,201231,,,515,424,200930,,,525,411.7,200630,,,637.5,503.3
CMS,210331,2083,,485,349,201231,1798,,352,158,200930,1575,,369,218,200630,1443,,273,136
KO,210402,,5515,2909,2245,201231,,5033,2096,1456,200925,,5181,2259,1737,200626,,4137,1924,1779
CTSH,210331,,1637,669,505,201231,,1535,465,316,200930,,1617,603,348,200630,,1410,467,361
CL,210331,4344,2637,1004,681,201231,4324,2643,969,647,200930,4153,2540,1018,698,200630,3897,2369,946,635
CMCSA,210331,27205,18286,5039,3329,201231,27708,18270,3918,3380,200930,25532,16967,4076,2019,200630,23715,16898,4647,2988
CMA,210331,,,,350,201231,,,,215,200930,,,,211,200630,,,,113
CAG,210228,2771.1,767.6,462.4,281.4,201129,2995.2,898.4,544.9,378.9,200830,2678.9,820.6,523.7,329,200531,3287.9,933.4,363.9,201.4
COP,210331,9826,4016,1529,982,201231,5491,1882,-1401,-772,200930,4386,1584,-190,-450,200630,2749,572,-398,260
ED,210331,3677,,688,419,201231,2960,,507,43,200930,3333,,860,493,200630,2719,,479,190
STZ,210228,1953,993.7,555.3,382.9,201130,2438.1,1268.2,781.9,1280.9,200831,2260.4,1215.8,838.1,512.1,200531,1963.4,988.3,603,-177.9
COO,210430,719.5,487.1,143.2,117.5,210131,680.5,450.7,133.4,2101.1,201031,681.6,424,100.1,81.2,200731,578.2,360.8,72,55.2
CPRT,210430,,381.34,328.11,286.8,210131,,307.5,258.22,193.44,201031,,296.77,248.59,200.28,200731,,250.43,205.72,165.53
GLW,210331,3290,1156,502,599,201231,3350,1213,476,252,200930,3001,1001,755,427,200630,2561,756,-103,-71
CTVA,210331,4178,1758,461,600,201231,3207,1095,-125,41,200930,1863,566,-525,-392,200630,5191,2362,785,760
COST,210509,45277,5862,1663,1220,210214,44769,5691,1340,951,201122,43208,5750,1430,1166,200830,53383,7046,1929,1389
CCI,210331,1485,1023,305,58,201231,1493,971,682,508,200930,1486,999,339,163,200630,1440,954,383,200
CSX,210331,,2154,1101,706,201231,,2241,1215,760,200930,,2151,1141,736,200630,,1757,828,499
CMI,210404,6092,1486,810,603,201231,5830,1361,629,501,200927,5118,1349,670,501,200628,3852,890,336,276
CVS,210331,69097,28203,3577,2223,201231,69554,27102,1850,973,200930,67056,26116,2483,1224,200630,65341,25099,4680,2975
DHI,210331,,1799.2,1179.9,929.5,201231,,1608.8,1034.3,791.8,200930,,1652.4,1056.1,829,200630,,1310.2,782.4,630.7
DHR,210402,,4253,2010,1702,201231,,3954.1,1575.7,1240.1,201002,,3225.5,1087.6,883.5,200703,,2852.6,1299.2,927.3
DRI,210228,,337.4,148,128.7,201129,,315.4,120.7,96,200830,,301.3,56.6,36.1,200531,,10.5,-590.5,-480
DVA,210331,,881.67,442.6,237.4,201231,,848.44,381.67,173.77,200930,,952.35,351.6,158.67,200630,,895.41,409.92,201.6
DE,210502,,4130,2580,1790,210131,,3357,1799,1224,201101,,3330,1394,758,200802,,3104,1560,811
DAL,210331,4150,498,-1398,-1177,201231,3973,954,-858,-755,200930,3062,477,-6386,-5379,200630,1468,-655,-4815,-5717
XRAY,210331,,579,154,117,201231,,570.8,135.4,98.5,200930,,442.3,81.7,53.8,200630,,176.1,-104.3,-95.4
DVN,210331,,1273,36,213,201231,,1009,-39,-102,200930,,796,-127,-92,200630,,131,-598,-670
DXCM,210331,505,343.9,45.9,40.3,201231,568.9,410.3,104,355.2,200930,500.9,346.8,93.6,72.2,200630,451.8,285.8,62.4,46.3
FANG,210331,1184,948,510,220,201231,769,570,-746,-739,200930,720,504,-1258,-1113,200630,425,232,-2675,-2393
DLR,210331,,713.91,174.17,385.92,201231,,642.3,110.69,57.69,200930,,623.33,91.4,-0.14,200630,,611.91,152.81,74.83
DFS,210331,,,,1593,201231,,,,799,200930,,,,771,200630,,,,-368
DISCA,210331,,1823,393,140,201231,,1797,480,271,200930,,1559,515,300,200630,,1737,646,271
DISCK,210331,,1823,393,140,201231,,1797,480,271,200930,,1559,515,300,200630,,1737,646,271
DISH,210331,4497.85,1536.65,861.98,630.22,201231,4557.36,1615.42,989.64,732.63,200930,4531.59,1526.98,811.25,504.6,200630,3187.09,1091.41,637.65,452.34
DG,210430,8400.96,2755.67,908.85,677.75,210129,8414.52,2736.7,872.22,642.74,201030,8199.62,2568.24,773.13,574.26,200731,8684.24,2818.24,1042.63,787.6
DLTR,210501,,1967,519.9,374.5,210130,,2152.8,681.6,502.8,201031,,1924.4,465.5,330,200801,,1916.2,374.9,261.5
D,210331,,,878,1008,201231,,,856,-1168,200930,,,27,369,200630,,,1172,398
DPZ,210328,983.7,389.15,186.54,117.76,210103,1356.57,535.26,244.04,151.9,200906,967.72,361.98,162.18,99.13,200614,920.02,357.09,163.58,118.67
DOV,210331,1867.9,725.46,312.55,232.77,201231,1780.39,658.53,245.93,182.11,200930,1748.26,661.44,276.34,200.3,200630,1499.17,559.15,184.08,124.77
DOW,210331,11882,1820,1159,991,201231,10706,1574,797,1234,200930,9712,1353,8,-28,200630,8354,750,59,-227
DTE,210331,3778,,537,397,201231,3288,,443,275,200930,3284,,628,476,200630,2583,,367,277
DUK,210331,,,1450,992,201231,,,74,-63,200930,,,1814,1304,200630,,,1177,-802
DRE,210331,289.29,187.57,107.43,79.36,201231,266.29,189.43,190.39,168.82,200930,262.03,176.11,94.55,71.82,200630,238.51,169.75,62.67,39.82
DD,210331,3976,1464,688,5394,201231,5252,1731,335,222,200930,5096,1704,189,-79,200630,4828,1537,-2400,-2478
DXC,210331,,824,-738,-798,201231,,955,2032,1098,200930,,991,-235,-244,200630,,873,-142,-205
EMN,210331,2409,598,389,274,201231,2186,526,76,32,200930,2122,501,242,161,200630,1924,371,54,27
ETN,210331,4692,1508,577,458,201231,4687,1509,589,475,200930,4526,1475,566,446,200630,3856,979,85,51
EBAY,210331,,2200,842,641,201231,,2126,677,845,200930,,1950,679,664,200630,,3722,1355,4158
ECL,210331,2885,1192.6,297.3,193.6,201231,3065.3,1275.1,416.1,300.3,200930,3018.6,1258.5,328.3,246.2,200630,2685.7,1077,191.3,-2035
EIX,210331,,,399,290,201231,,,794,552,200930,,,-379,-242,200630,,,500,348
EW,210331,1216.6,923.2,383.5,338.2,201231,1191.7,895.4,351.4,309.5,200930,1140.9,859.9,357.8,325.2,200630,925,686.8,-169.7,-121.9
EA,210331,,1027,175,76,201231,,1072,251,211,200930,,865,149,185,200630,,1171,471,365
EMR,210331,4431,1862,775,561,201231,4161,1723,603,445,200930,4558,1882,805,723,200630,3914,1618,503,399
ENPH,210331,,122.95,5.02,31.7,201231,,121.94,79.11,72.99,200930,,94.98,51.76,39.36,200630,,48.39,10.85,-47.29
ETR,210331,2844.84,,508,339.14,201231,2370.1,,152.11,392.55,200930,2903.57,,778.02,525.7,200630,2412.79,,439.31,365.11
EOG,210331,3700,2245,932,677,201231,2971.1,1767.38,487.66,337.47,200930,2316.46,1271.59,-2.71,-42.47,200630,1090.14,145.06,-1086.55,-909.38
EFX,210331,,729.7,306.6,201.6,201231,,637.5,169.4,87.4,200930,,635.1,204.4,224.2,200630,,573.5,166.8,95.9
EQIX,210331,,784.85,284.6,156.36,201231,,733.38,184.6,50.99,200930,,751.79,194.86,66.69,200630,,730.78,280.62,133.3
EQR,210331,,350.95,135.56,57.54,201231,,389.94,356.61,252.86,200930,,393.9,182.41,91.29,200630,,430.43,356.89,260.89
ESS,210331,,244.65,194.86,168.44,201231,,251.35,112.87,95.75,200930,,258.42,109.82,73.66,200630,,260.36,114.71,84.46
EL,210331,,2925,616,456,201231,,3769,1063,873,200930,,2737,705,523,200630,,1663,-543,-462
ETSY,210331,550.65,407.73,150.64,143.77,201231,617.36,466.57,161.34,148.54,200930,451.48,331.31,101.31,91.76,200630,428.74,317.36,119.14,96.42
EVRG,210331,1611.9,,317.7,191.6,201231,1094.4,,153,51,200930,1517.6,,521.7,364.5,200630,1184.7,,271.7,133.4
ES,210331,2825.84,,585.57,366.14,201231,2236.73,,454.73,271.92,200930,2341.94,,561.23,346.26,200630,1951.23,,433.65,252.23
RE,210331,,,388.73,341.86,201231,,,134.24,63.6,200930,,,279.15,243.06,200630,,,208.28,207.49
EXC,210331,,,-121,-289,201231,,,269,359,200930,,,769,501,200630,,,565,521
EXPE,210331,1246,935,-651,-578,201231,920,633,-476,-383,200930,1504,1129,-113,-192,200630,566,177,-849,-736
EXPD,210331,,951.54,385.51,287.22,201231,,828.59,281.81,198.62,200930,,734.38,251.94,191.31,200630,,749.59,247.63,183.87
EXR,210331,358.86,259.33,241.07,203,201231,353.49,258.76,195.75,156.06,200930,343.02,243.51,163.21,114.63,200630,327.25,231.35,149.99,102.91
XOM,210331,57552,16889,2255,2730,201231,45738,13697,-27102,-20070,200930,45425,14372,-867,-680,200630,32277,11313,-1651,-1080
FFIV,210331,645.29,521.09,53.5,43.24,201231,624.62,509.64,117.75,87.68,200930,614.82,502.85,98.61,77.66,200630,583.25,477.21,87.62,69.87
FB,210331,26171,21040,11378,9497,201231,28072,22862,12775,11219,200930,21470,17276,8040,7846,200630,18687,14858,5963,5178
FAST,210331,,643.4,280.3,210.6,201231,,618.8,264.4,196.1,200930,,640.6,290.1,221.5,200630,,671.6,316,238.9
FRT,210331,218.16,139.5,82.8,48.24,201231,219.51,142.09,140.62,94.72,200930,208.2,135.84,3.69,-28.29,200630,176.23,109.21,48.3,10.51
FDX,210228,,15094,1005,892,201130,,14531,1465,1226,200831,,13779,1590,1245,200531,,12289,475,-334
FIS,210331,3223,1105,99,-373,201231,3316,1206,167,104,200930,3197,1093,231,20,200630,2962,916,46,19
FITB,210331,,,,694,201231,,,,604,200930,,,,581,200630,,,,195
FE,210331,2726,,559,335,201231,2537,,340,242,200930,3022,,721,454,200630,2522,,515,309
FRC,210331,,,,334.83,201231,,,,295.56,200930,,,,293.14,200630,,,,256.77
FISV,210331,,1848,475,304,201231,,1975,516,300,200930,,1918,542,264,200630,,1545,165,2
FLT,210331,608.62,,265.96,184.24,201231,617.33,,293.94,209.85,200930,585.28,,264.53,188.82,200630,525.15,,212.81,158.49
FMC,210331,,512.4,260.7,183.8,201231,,501.4,146.9,49.5,200930,,466.4,196,111.4,200630,,522.7,267.9,184.4
F,210331,,5307,2464,3262,201231,,1090,-2442,-2788,200930,,4620,2351,2385,200630,,-779,-2760,1117
FTNT,210331,710.3,553.7,121.6,107.2,201231,748,581,169.4,146.7,200930,651.1,511.9,126.9,123.4,200630,615.5,480.4,116.7,112.1
FTV,210402,1259.2,711.9,149.7,110.2,201231,4634.4,2608.5,539.4,1613.3,200925,1902.3,983.4,310.4,225.8,200626,1571.2,814.3,191.1,130
FBHS,210331,,644.1,248.4,177.8,201231,,607.7,233.2,163.6,200930,,580.6,240.2,164.6,200630,,482.9,173,115.8
FOXA,210331,,1330,797,567,201231,,741,196,224,200930,,1549,1509,1106,200630,,1231,120,122
FOX,210331,3215,1330,797,567,201231,4087,741,196,224,200930,2717,1549,1509,1106,200630,2418,1231,120,122
BEN,210331,2076.5,,456.3,381.8,201231,1995.1,,409.1,345.3,200930,1627.4,,46.4,78.9,200630,1188.1,,253.7,290.4
FCX,210331,4850,1644,1532,718,201231,4495,1429,1708,708,200930,3851,1016,821,329,200630,5852,332,-193,-438
GPS,210501,3991,1630,240,166,210130,4424,1668,134,234,201031,3994,1620,175,95,200801,3275,1149,15,-62
GRMN,210327,,641.56,249.66,220.03,201226,,790.98,371.27,333.55,200926,,667.98,317.1,313.42,200627,,515.43,188.39,184.18
IT,210331,1104.04,769.57,225.41,164.1,201231,1112.76,761.33,178.13,119.61,200930,994.62,664.85,42.84,16.96,200630,973.13,650.58,99.65,55.08
GNRC,210331,807.43,321.81,189.12,148.99,201231,761.08,300.2,171.05,125,200930,701.36,276.15,155.64,114.97,200630,546.85,208.98,89.55,66.14
GD,210404,9389,1497,938,708,201231,10481,1850,1267,1002,200927,9431,1595,1084,834,200628,9264,1415,841,625
GE,210331,17119,4682,544,-2803,201231,21929,7764,1135,2636,200930,19417,4253,228,-1143,200630,17750,2767,-2770,-1988
GIS,210228,,1554.6,860,595.7,201129,,1721.6,949.5,688.4,200830,,1590.9,887,638.9,200531,,1770,851.6,625.7
GM,210331,32474,5080,3277,3022,201231,37518,4797,2767,2846,200930,35480,6652,4424,4045,200630,16778,996,-1214,-758
GPC,210331,4464.71,1540.82,268.45,217.71,201231,4251.59,1448.11,234.92,171.2,200930,4370.09,1528.07,302.21,227.53,200630,3823.23,1290.49,-289.75,-564.37
GILD,210331,,5062,2890,1729,201231,,6023,2651,1551,200930,,5436,2001,360,200630,,4079,-2983,-3339
GL,210331,1266.56,,239.97,178.52,201231,1228.94,,271.39,204.24,200930,1195.68,,253.21,188.94,200630,1180.88,,235.05,173.05
GPN,210331,1990.01,1064.76,275.26,196.68,201231,1930.19,1008,251.98,182.64,200930,1917.82,1016.89,290.42,220.97,200630,1671.95,778.21,107.57,37.33
GS,210331,19276,16448,8337,6836,201231,13304,10431,5541,4506,200930,12629,9870,4299,3367,200630,15385,12350,1291,373
GWW,210331,,1093,358,238,201231,,1027,275,168,200930,,1074,380,240,200630,,1016,205,114
HAL,210331,3451,418,370,170,201231,3237,394,-96,-235,200930,2975,316,142,-17,200630,3196,279,-1911,-1676
HBI,210403,1508.03,605.49,190.12,-263.26,210102,1800.84,737.77,-443.74,-332.16,200926,1808.27,664.35,174.57,103.28,200627,1738.78,659.55,241.54,161.18
HIG,210331,5299,,360,249,201231,5328,,709,537,200930,5171,,590,459,200630,5068,,649,468
HAS,210328,,716,147.3,116.2,201227,,947.24,186.36,105.17,200927,,989.58,336.56,220.9,200628,,509.7,2.17,-33.91
HCA,210331,13977,11753,2334,1423,201231,14293,11923,2450,1426,200930,13311,11183,1319,668,200630,11068,9320,1974,1079
PEAK,210331,455.28,277.63,-76.22,145.79,201231,1644.88,862.33,270.96,413.56,200930,597.74,283.45,36.36,-63.42,200630,588.44,272.6,22.42,51.51
HSIC,210327,,890.85,229.93,166,201226,,859.71,181.2,142.63,200926,,754.3,187.67,141.7,200627,,454.29,-7.43,-10.8
HSY,210404,,1052.95,550.15,395.8,201231,,962.07,308.79,291.39,200927,,1080.02,600.7,447.28,200628,,792.55,375.93,268.9
HES,210331,1898,1343,555,252,201231,1321,1008,67,-97,200930,1159,904,-77,-243,200630,833,761,-162,-320
HPE,210430,,2287,280,259,210131,,2288,206,223,201031,,2206,130,157,200731,,2067,-18,9
HLT,210331,874,289,-48,-108,201231,890,268,-243,-224,200930,933,341,11,-79,200630,564,10,-302,-430
HFC,210331,3504.29,744.02,189.56,148.22,201231,2900.77,539.13,-106.25,-117.75,200930,2819.4,505.01,53.78,-2.4,200630,2062.93,755.84,-189.98,-176.68
HOLX,210327,,1085.8,796.8,619.9,201226,,1180.4,863.9,654.4,200926,,931.8,632.8,494.9,200627,,466.1,191,137.9
HD,210502,,12742,5781,4145,210131,,10831,4083,2857,201101,,11456,4852,3432,200802,,12941,6067,4332
HON,210331,8454,2745,1861,1427,201231,8900,2924,1710,1359,200930,7797,2414,1148,758,200630,7477,2201,1219,1081
HRL,210425,,476.31,289.42,227.9,210124,,450.17,268.02,222.28,201025,,457.76,276.7,234.36,200726,,422.43,249.58,203.12
HST,210331,,,-166,-152,201231,,,-279,-64,200930,,,-345,-313,200630,,,-354,-352
HWM,210331,,336,189,80,201231,,366,221,106,200930,,234,73,36,200630,,330,74,-96
HPQ,210430,,3440,1362,1228,210131,,3324,1321,1068,201031,,2679,992,668,200731,,2393,739,734
HUM,210331,,,1223,828,201231,,,-346,-274,200930,,,1823,1340,200630,,,2435,1828
HBAN,210331,1264,,,532,201231,1287,,,316,200930,1322,,,303,200630,1293,,,150
HII,210331,,342,147,148,201231,,547,305,249,200930,,436,222,222,200630,,264,57,53
IEX,210331,652.04,292.62,155.55,112.71,201231,614.82,269.17,138.97,101.07,200930,581.11,251.5,131.21,103.85,200630,561.25,234.8,110.59,70.86
IDXX,210331,777.71,470.78,247.62,204.26,201231,720.94,409.5,185.09,174.79,200930,721.79,422.61,171.86,146.22,200630,637.59,379.34,193.25,148.94
INFO,210228,,704.7,233.4,149.3,201130,,706.9,174.3,151.1,200831,,687.6,261.2,162.9,200531,,638.3,144.1,71.7
ITW,210331,,1505,905,671,201231,,1475,883,642,200930,,1397,789,582,200630,,970,449,319
ILMN,210404,,764,193,147,210103,,630,133,257,200927,,526,162,179,200628,,428,96,47
INCY,210331,604.72,580.9,98.8,53.53,201231,789.51,758.49,164.23,149.85,200930,620.64,591.72,5.33,-15.2,200630,688.04,660.08,230.77,290.3
IR,210331,,515.4,149.7,-90.4,201231,,526.9,130.4,151.6,200930,,482,74.3,29.5,200630,,360,-52.2,-177.6
INTC,210327,19673,10854,3694,3361,201226,19978,11348,5884,5857,200926,18333,9741,5059,4276,200627,19728,10507,5697,5105
ICE,210331,,1797,892,646,201231,,1671,780,526,200930,,1411,627,390,200630,,1395,744,523
IBM,210331,,8205,905,955,201231,,10523,1290,1356,200930,,8430,1827,1698,200630,,8700,1571,1361
IP,210331,5363,1516,364,349,201231,5239,1580,212,153,200930,5123,1582,381,204,200630,4866,1439,363,266
IPG,210331,,341.7,156.5,91.7,201231,,573.4,208.2,112.3,200930,,376.8,240,279.7,200630,,230.3,20.6,-45.6
IFF,210331,,754,4,-42,201231,,513.73,100.6,67.59,200930,,524.43,150.29,84.83,200630,,1047.71,315.59,210.81
INTU,210430,4173,3578,1914,1464,210131,1576,1209,-25,20,201031,1323,1067,209,198,200731,1816,1494,483,445
ISRG,210331,1292.1,902.6,416.8,426.3,201231,1329.1,895.8,415.8,365.2,200930,1077.7,724.3,270.4,313.9,200630,852.1,502.9,80.6,68
IVZ,210331,,1136.9,344.3,327,201231,,1122.4,217.8,270.3,200930,,1016.8,268.5,250.9,200630,,975,117.1,99.7
IPGP,210331,345.58,163.99,88.84,68.13,201231,336.63,146.88,65.24,49.34,200930,318.44,152.79,41.41,35.6,200630,296.41,136.45,47.21,38.23
IQV,210331,,1116,318,212,201231,,1126,288,119,200930,,986,187,101,200630,,817,50,-23
IRM,210331,1082.04,762.81,170.41,45.6,201231,1059.65,891.33,425.29,247.41,200930,1036.65,724.88,189,38.39,200630,982.24,699.64,114.69,-7.09
JKHY,210331,,166.01,91.2,71.41,201231,,164.58,93.63,71.98,200930,,188.87,117.59,91.22,200630,,155.7,76.8,61.34
J,210402,3547.87,767.01,-35.81,11.04,210101,3381.84,632.06,241.84,257.05,201002,3519.69,664.94,22.47,82,200626,3260.06,629.03,194.38,244.93
JBHT,210331,2618.15,451.08,207.65,146.61,201231,2737.65,449.08,207.69,154.01,200930,2472.52,407.57,175.5,125.5,200630,2145.57,402.55,175.18,121.7
SJM,210131,2076.7,809.4,406.2,261.5,201031,2034,818.2,380.8,230.8,200731,1971.8,775.4,361.1,237,200430,2092,788.4,346.7,226.3
JNJ,210404,22321,15285,7429,6197,210103,22475,14692,1647,1738,200927,21082,14142,4401,3554,200628,18336,11779,3940,3626
JCI,210331,5594,1943,650,343,201231,5341,1728,492,451,200930,5954,1975,583,441,200630,5343,1832,-65,-182
JPM,210331,33648,,,14300,201231,30516,,,12136,200930,30834,,,9443,200630,35239,,,4687
JNPR,210331,1074.4,615.6,-32.8,-31.1,201231,1222.6,717,43.1,30.8,200930,1138.2,657.8,125.1,145.4,200630,1086.3,619.6,90.5,61.2
KSU,210331,,493.8,253,153,201231,,487.8,262.3,165.7,200930,,478.6,271.5,189.8,200630,,384,180.4,109.7
K,210403,3584,1171,472,368,210102,3464,1185,393,205,200926,3429,1201,411,348,200627,3465,1203,506,351
KEY,210331,1825,,,622,201231,1927,,,582,200930,1800,,,428,200630,1882,,,187
KEYS,210430,1221,737,235,186,210131,1180,707,212,172,201031,1220,756,278,217,200731,1011,606,182,176
KMB,210331,,1618,770,584,201231,,1710,687,539,200930,,1697,692,472,200630,,1837,925,681
KIM,210331,282.31,193.82,94.46,137.94,201231,269.44,177.83,79.52,201.23,200930,259.79,173.78,65.34,-38.39,200630,528.66,363.32,173.73,837.99
KMI,210331,,2688,1886,1409,201231,,1723,980,607,200930,,1609,819,455,200630,,1511,-282,-637
KLAC,210331,1803.77,1094.33,672.15,567.5,201231,1650.87,981.14,570.16,457.25,200930,1538.62,954.92,526.39,420.57,200630,1459.59,838.05,453.16,411.25
KHC,210327,,2198,1070,563,201226,,2506,1533,1032,200926,,2342,1147,597,200627,,2450,-1339,-1651
KR,210130,,7046,-158,-77,201107,,6822,792,631,200815,,6938,820,819,200523,,10095,1326,1212
LB,210501,,1414,467,277,210130,,2347,1273,860,201031,,1359,528,331,200801,,789,44,-49
LHX,210402,,1354,476,468,210101,,1399,206,193,201002,,1311,484,426,200703,,1270,296,283
LH,210331,,1599,1057.9,769.6,201231,,1904.9,1293.2,938.3,200930,,1559.4,1048.7,703.4,200630,,760.5,353.6,231.6
LRCX,210328,3847.65,1780.13,1195.31,1071.12,201227,3456.24,1603.8,1009.72,869.23,200927,3177.08,1506.18,961.06,823.45,200628,2791.86,1280.33,755.72,696.67
LW,210228,895.8,196.7,100.6,66.1,201129,896.1,223.5,139.6,96.9,200830,871.5,213.8,135.7,89.3,200531,846.9,111.1,30.9,-1.6
LVS,210331,,468,-96,-278,201231,,424,-211,-299,200930,,83,-610,-565,200630,,-274,-922,-820
LEG,210331,,247.5,127.7,87.5,201231,,258.6,149.7,103.2,200930,,266.8,147.3,104.8,200630,,146.3,22.8,-6.1
LDOS,210402,3315,467,308,205,210101,3252,491,299,197,201002,3242,468,258,163,200703,2914,383,249,153
LEN,210228,,1045.08,1327.01,1001.37,201130,,1319.06,1164.65,882.76,200831,,1062.41,859.01,666.42,200531,,832.18,676.58,517.41
LLY,210331,,4927,1155.3,1355.3,201231,,5720.2,1992.1,2116.8,200930,,4414.2,1278.3,1208.4,200630,,4277.4,1196.8,1412
LNC,210331,,,340,225,201231,,,178,143,200930,,,546,398,200630,,,-63,-94
LIN,,,,,,,,,,,,,,,,,,,,
LYV,210331,290.61,156.64,-247.24,-307.19,201231,237.38,34.11,-388.01,-443.33,200930,184.02,53.27,-504.44,-528.9,200630,74.08,-120.47,-588.07,-567.52
LKQ,210331,,1293.71,371.45,265.91,201231,,1169.85,267.27,181.01,200930,,1198.54,296,193.48,200630,,1011,180.45,118.79
LMT,210328,16258,2222,2182,1837,201231,17032,2241,2289,1792,200927,16495,2136,2147,1698,200628,16220,2213,2086,1626
L,210331,3626,,530,261,201231,3665,,612,397,200930,3445,,295,139,200630,2258,,-1014,-835
LOW,210430,24422,8130,3245,2321,210129,20311,6456,1524,978,201030,22309,7300,1115,692,200731,27302,9304,3957,2828
LUMN,210331,5029,2893,995,475,201231,5125,2894,-1832,-2289,200930,5167,2931,892,366,200630,5192,2960,896,377
LYB,210331,,1404,1088,1070,201231,,1225,893,855,200930,,891,23,114,200630,,652,339,314
MTB,210331,1522.56,,,447.25,201231,1590.14,,,471.14,200930,1521.72,,,372.14,200630,3169.29,,,509.88
MRO,210331,,950,117,97,201231,,692,-278,-338,200930,,624,-242,-317,200630,,145,-703,-750
MPC,210331,,3110,217,-242,201231,,912,399,285,200930,,874,-1057,-886,200630,,2763,-11580,-9225
MKTX,210331,195.46,185.43,103.47,80.46,201231,171.35,162.42,91.7,72.93,200930,164.01,155.59,87.81,67.78,200630,184.79,176.2,104.14,83.85
MAR,210331,,348,84,-11,201231,,439,-128,-164,200930,,676,252,100,200630,,122,-154,-234
MMC,210331,5083,,1358,983,201231,4416,,571,374,200930,3968,,540,316,200630,4189,,885,572
MLM,210331,,174.7,99.3,65.3,201231,,325.4,240.6,183,200930,,404.5,400.6,294.4,200630,,380.5,306.4,217.6
MAS,210331,,700,365,94,201231,,660,307,195,200930,,752,424,275,200630,,628,339,224
MA,210331,,,2197,1828,201231,,,2058,1785,200930,,,2105,1513,200630,,,1707,1420
MKC,210228,,577.5,236.3,161.8,201130,,660.7,274.9,200.7,200831,,590.3,273,206.1,200531,,579.5,257.4,195.9
MXIM,210327,,442.88,247.26,220.06,201226,,416.42,213.66,183.94,200926,,417.01,201.43,169.51,200627,,362.37,177.99,207.3
MCD,210331,5124.6,2668.3,2281.3,1537.2,201231,5313.8,2780.2,2142.9,1377.2,200930,5418.1,2904.7,2526.4,1762.6,200630,3761.5,1725.3,961.1,483.8
MCK,210331,,3297,1010,666,201231,,3151,-7362,-6226,200930,,3000,634,577,200630,,2700,678,444
MDT,210430,8188,5587,1607,1361,210129,7775,5190,1277,1270,201030,7647,4974,622,489,200731,6507,4029,673,487
MRK,210331,,8625,3014,3179,201231,,7026,-2249,-2094,200930,,9108,3116,2941,200630,,7738,3129,3002
MET,210331,15562,,519,358,201231,19418,,394,158,200930,16015,,1152,706,200630,14099,,429,145
MTD,210331,,471.7,185.41,149.66,201231,,559.04,269.18,216.29,200930,,469.61,205.81,161.77,200630,,397.97,155.25,126.56
MGM,210331,,719.96,-246.69,-331.83,201231,,582.88,-363.57,-447.61,200930,,396.4,-495.18,-534.73,200630,,-84.56,-1034.53,-857.26
MCHP,210331,,926.8,222.4,116,201231,,845.8,103.5,36.2,200930,,807.9,181.1,73.6,200630,,798.3,191.5,123.6
MU,210304,6236,1649,663,603,201203,5773,1736,866,803,200903,6056,2068,1157,988,200528,5438,1763,886,803
MSFT,210331,41706,28661,17038,15457,201231,43076,28882,17895,15463,200930,37154,26152,15870,13893,200630,38033,25694,13386,11202
MAA,210331,,249.6,102.43,47.19,201231,,250.41,109.4,83.34,200930,,240.69,100.42,59.91,200630,,243.82,103.82,75.06
MHK,210403,,801.95,317.51,236.81,201231,,760.93,282.73,248.22,200926,,723.91,262.74,205.12,200627,,420.01,-64.56,-48.26
TAP,210331,1898.4,731,177.2,84.1,201231,2294.3,895.2,-1282.7,-1369.8,200930,2753.5,1202.5,508.3,342.8,200630,2503.4,1046.8,458,195
MDLZ,210331,,2966,1146,961,201231,,2872,964,1156,200930,,2792,1135,1119,200630,,2331,713,544
MPWR,210331,,141.06,46.09,45.41,201231,,128.87,39.96,42.89,200930,,143.04,59.98,55.57,200630,,102.59,27.95,30.17
MNST,210331,1243.82,714.93,414.15,315.19,201231,1196.28,673.49,402.3,471.74,200930,1246.36,717.33,458.6,347.65,200630,1093.9,643.57,407.26,311.37
MCO,210331,,1207,853,736,201231,,881,444,314,200930,,992,642,467,200630,,1073,710,509
MS,210331,16128,14809,5344,4120,201231,14014,12864,4430,3385,200930,12227,10960,3487,2717,200630,14172,12698,4355,3196
MOS,210331,,434.9,313.2,156.7,201231,,411.4,294.8,827.9,200930,,355.1,98.5,-6.2,200630,,257,85.8,47.4
MSI,210403,,860,298,244,201231,,1146,551,412,200926,,909,296,205,200627,,766,218,135
MSCI,210331,,392.64,254.37,196.82,201231,,367.73,234.09,156.22,200930,,354.63,227.62,182.36,200630,,339.16,180.18,115.12
NDAQ,210331,1652,851,365,298,201231,1462,788,318,225,200930,1414,715,326,264,200630,1398,699,315,241
NTAP,210430,,1035,455,334,210129,,975,258,182,201030,,933,182,137,200731,,872,136,77
NFLX,210331,7163.28,3294.77,1959.86,1706.71,201231,6644.44,2750.28,954.24,542.16,200930,6435.64,2844.89,1314.86,789.98,200630,6148.29,2705.58,1357.93,720.2
NWL,210331,2288,731,192,89,201231,2689,884,228,127,200930,2699,914,363,304,200630,2111,664,163,78
NEM,210331,2872,1625,856,559,201231,3381,2026,920,824,200930,3170,1901,998,839,200630,2365,1307,428,344
NWSA,210331,,1149,139,79,201231,,1216,346,231,200930,,953,72,34,200630,,950,-401,-397
NWS,210331,,1149,139,79,201231,,1216,346,231,200930,,953,72,34,200630,,950,-401,-397
NEE,210331,3726,,669,1666,201231,4395,,940,-5,200930,4785,,1008,1229,200630,4204,,1186,1275
NLSN,210331,,586,253,573,201231,,960,166,35,200930,,900,174,7,200630,,832,28,-30
NKE,210228,10357,4725,1672,1449,201130,11243,4877,1533,1251,200831,10594,4741,1766,1518,200531,6313,2353,-843,-790
NI,210331,,,433.2,295.5,201231,,,218,84.4,200930,,,-150.6,-172.9,200630,,,91.7,-4.7
NSC,210331,2639,1382,1015,673,201231,2573,1352,984,671,200930,2506,1200,840,569,200630,2085,962,610,392
NTRS,210331,1584.1,1583.4,495.9,375.1,201231,1522.6,1521.9,373.4,240.9,200930,1482.1,1485.1,389.9,294.5,200630,1506.9,1506.1,403.2,313.3
NOC,210331,9157,1740,2822,2195,201231,10212,2090,1152,330,200930,9083,1840,985,986,200630,8884,1826,994,1005
NLOK,210402,672,573,257,194,210101,639,552,280,178,201002,626,536,230,64,200703,614,528,140,118
NCLH,210331,3.1,-197.75,-1245.27,-1370.19,201231,9.58,-197.41,-602.47,-738.93,200930,6.52,-183.64,-511.15,-677.37,200630,16.93,-284.72,-574.25,-715.24
NOV,210331,,156,-88,-115,201231,,-66,-301,-347,200930,,139,-74,-55,200630,,137,-100,-93
NRG,210331,,1227,-56,-82,201231,,412,-24,-173,200930,,775,393,249,200630,,804,484,313
NUE,210403,7017.14,1622.44,1324.65,942.43,201231,5260.06,718.53,250.22,398.84,201003,4927.96,502.19,330.08,193.41,200704,9951.64,1007.23,418.97,129.21
NVDA,210502,,3629,1956,1912,210131,,3156,1507,1457,201025,,2960,1398,1336,200726,,2275,651,622
NVR,210331,2045.93,468.48,325.4,248.76,201231,2354.64,532.52,398.54,305,200930,1995.11,459.06,333.14,256.47,200630,1625.31,340.82,219.36,164.07
NXPI,210404,,1355,492,353,201231,,1288,403,309,200927,,1102,32,-22,200628,,860,-145,-214
ORLY,210331,,1640.8,691.11,501.61,201231,,1472.14,534.27,392.94,200930,,1680.47,725.01,527.25,200630,,1637.18,736.49,531.67
OXY,210331,5368,3111,79,-146,201231,4190,2100,-511,-1112,200930,4129,2179,-3070,-3575,200630,2961,1172,-8006,-8131
ODFL,210331,,1002.36,269.66,199.36,201231,,973.33,254.3,189.83,200930,,967.9,270.24,201.87,200630,,820.8,199.17,147.81
OMC,210331,,881.9,465.4,287.8,201231,,928.9,614.7,398.1,200930,,919.4,501.4,313.3,200630,,769.6,62.5,-24.2
OKE,210331,,,664.72,386.18,201231,,,538.76,308.03,200930,,,552.63,312.32,200630,,,359.93,134.32
ORCL,210228,10085,8170,3878,5021,201130,9800,7861,3583,2442,200831,9367,7487,3211,2251,200531,10439,8470,4308,3116
OTIS,210331,,1019,509,308,201231,,1012,440,251,200930,,979,454,266,200630,,891,416,224
PCAR,210331,5845.5,1154.8,631.2,470.1,201231,5568.6,1081.6,551.2,405.8,200930,4936,977.7,515.7,385.5,200630,3062.2,620.7,202.4,147.7
PKG,210331,,403.7,238.3,166.5,201231,,333.3,189.2,123.6,200930,,345.4,209.5,139.1,200630,,331.9,116.1,56.7
PH,210331,3746.33,1034.61,597.35,471.65,201231,3411.91,906.54,576.51,447.31,200930,3230.54,858.36,415.3,321.41,200630,3160.6,840.85,370.57,295.72
PAYX,210228,1111.7,,468.6,350.5,201130,983.7,,354.3,272.4,200831,932.2,,284,211.6,200531,915.1,,299.6,220.7
PAYC,210331,,235.93,94.55,64.62,201231,,187.92,36.25,24.37,200930,,165.62,34.04,27.48,200630,,364.35,115.84,91.6
PYPL,210331,,2967,1042,1097,201231,,2913,963,1567,200930,,2644,977,1021,200630,,2555,951,1530
PENN,210331,1274.9,624,216.5,91,201231,1027.4,520.4,118.4,11.1,200930,1129.7,601.5,196.2,141.9,200630,305.5,130.6,-165.4,-213.9
PNR,210331,865.9,315.2,157.1,128.6,201231,796,283.5,121.5,103,200930,798.5,277.4,128.1,110.8,200630,713.3,245.1,111,72.1
PBCT,210331,,,,144.5,201231,,,,-145.3,200930,,,,144.6,200630,,,,89.9
PEP,210320,,8151,2306,1714,201226,,12057,2609,1845,200905,,9947,3010,2291,200613,,8877,2318,1646
PKI,210404,1307.69,785.15,467.78,379.31,210103,1354.61,827.07,510.25,380.36,201004,964.02,527.45,248.01,176.7,200705,811.72,447.34,175.64,137.16
PRGO,210403,1010,368.4,51.4,38.1,201231,1289.5,469.2,-52.2,-175,200926,1213.7,428.1,-115.5,-154.6,200627,1219.1,434.7,117.4,60.6
PFE,210404,14582,10410,5517,4878,201231,11684,8797,177,594,200927,10277,9634,1559,2194,200628,9864,9569,2945,3427
PM,210331,7585,5311,3444,2418,201231,7444,4872,2905,1976,200930,7446,5030,3243,2307,200630,6651,4472,2731,1947
PSX,210331,,1562,-925,-654,201231,,1259,-909,-539,200930,,1420,-1584,-799,200630,,1305,-592,-141
PNW,210331,,,47.53,35.64,201231,,,30.85,-19.39,200930,,,455.01,346.37,200630,,,261.87,193.59
PXD,210331,3064,1444,587,-70,201231,2016,745,223,-30,200930,1857,633,82,-20,200630,1141,355,-224,-439
PNC,210331,,,,1816,201231,,,,1442,200930,,,,1519,200630,,,,3648
POOL,210331,,301.13,129.03,98.66,201231,,239.09,74.35,59.17,200930,,328.7,148.23,119.1,200630,,373.48,205.86,157.56
PPG,210331,,1649,508,378,201231,,1617,376,272,200930,,1659,593,442,200630,,1312,161,102
PPL,210331,1498,,415,-1840,201231,1929,,704,290,200930,1885,,687,281,200630,1739,,595,344
PFG,210331,,,613.9,517.1,201231,,,591.6,472.6,200930,,,275.1,236,200630,,,498.6,398.3
PG,210331,,9187,3785,3269,201231,,10492,5380,3854,200930,,10176,5281,4277,200630,,9039,3477,2800
PGR,210331,11439.6,,1924.3,1480,201231,11410.3,,2162.4,1684.3,200930,10942.5,,1979.9,1530.8,200630,10967.2,,2325.2,1790.4
PLD,210331,,820.98,154.48,367.35,201231,,820.62,309.29,281.89,200930,,791.49,215.12,302.69,200630,,952.47,458.06,406.17
PRU,210331,,,3414,2828,201231,,,900,819,200930,,,1447,1487,200630,,,-2670,-2680
PTC,210331,461.79,372.34,101.69,109.26,201231,429.05,342.22,90.34,23.52,200930,390.98,306.37,67.01,53.41,200627,351.72,272.5,63.4,34.68
PEG,210331,2889,,741,648,201231,2402,,433,431,200930,2370,,633,575,200630,2050,,407,451
PSA,210331,,538.84,372.41,433.04,201231,,553.52,391.56,351.27,200930,,513.2,353.57,324.87,200630,,483.68,325.77,314.92
PHM,210331,2729.79,729.85,394.05,304.11,201231,3192.36,808.94,523.75,438.11,200930,2954.96,759.91,484.17,416.4,200630,4888.76,1209.3,720.78,552.33
PVH,210502,,1229.1,197.4,99.9,210131,,1126.3,23.7,-57.7,201101,,1101.3,120.7,69.8,200802,,883.3,-6.3,-51.4
QRVO,210403,,528.48,293.07,298.74,210102,,537.75,237.2,201.03,201003,,491.55,221.64,136.92,200627,,325.79,89.91,96.92
PWR,210331,2703.58,372.89,113.37,89.76,201231,2912.18,465.87,175.62,170.05,200930,3020.16,507.51,241.69,162.91,200630,2506.23,355.26,101.98,73.95
QCOM,210328,7935,4503,2151,1762,201227,8235,4746,2525,2455,200927,8346,5580,3396,2960,200628,4893,2813,770,845
DGX,210331,,1105,660,469,201231,,1180,795,579,200930,,1220,718,568,200630,,643,283,185
RL,210327,1287,809.3,-25.7,-74.1,201226,1432.8,937.4,170.4,119.8,200926,1193.5,794,-20.3,-39.1,200627,487.5,350,-168,-127.7
RJF,210331,2409,2317,447,355,201231,2260,2164,399,312,200930,2121,2030,256,209,200630,1876,1787,198,172
RTX,210331,15251,2734,1013,753,201231,16419,2220,138,135,200930,14747,1885,429,264,200630,14061,2030,-3760,-3835
O,210331,,414.31,94.19,95.94,201231,,390.94,97.63,117.93,200930,,379.16,12.62,22.9,200630,,388.18,110.03,107.82
REG,210331,,192.96,93.71,80.66,201231,,177.75,42.88,38.49,200930,,165.66,40.7,12.69,200630,,154.29,45.32,19.05
REGN,210331,2528.7,2220.7,1112.7,1115.2,201231,2422.9,2069.8,1167,1149.2,200930,2294,2020,1053.1,842.1,200630,1952,1676.5,656.4,897.3
RF,210331,,,,642,201231,,,,616,200930,,,,530,200630,,,,-214
RSG,210331,2596.4,1062.1,492.4,295.9,201231,2573.2,1026,365.3,235.4,200930,2572.1,1036.7,413.4,260,200630,2454.4,986.3,395.2,225.5
RMD,210331,768.77,447.26,223.43,-78.48,201231,800.01,462.48,221.72,179.51,200930,751.94,438.66,216.9,178.37,200630,770.34,449.37,223.25,177.84
RHI,210331,,561.71,150.06,110.6,201231,,514.33,129.51,94.42,200930,,467.35,102.31,75.75,200630,,423.08,57.92,46.2
ROK,210331,1776.1,767.4,507.7,415,201231,1565.3,646.5,700.7,593.3,200930,1570,639.3,299.6,262.7,200630,1394,554.2,334.5,317.8
ROL,210331,535.55,274,88.2,92.64,201231,536.29,269.95,88.46,62.62,200930,583.7,308.22,111.12,79.58,200630,553.33,297.71,104.53,75.36
ROP,210331,,993.8,400.5,289,201231,,966.6,380.7,255.8,200930,,875.9,367.6,234.4,200630,,843.7,333.6,219.2
ROST,210501,,1317.68,642.63,476.48,210130,,1092.63,402,237.98,201031,,1043.09,165.23,131.2,200801,,604.59,85.1,22.05
RCL,210331,42.01,-236.34,-815.54,-1131.72,201231,34.14,-235.31,-1016.55,-1366.93,200930,-33.69,-317.47,-996.89,-1346.76,200630,175.6,-479.2,-1344.46,-1639.29
SPGI,210331,2016,1489,1081,755,201231,1867,1308,657,454,200930,1846,1327,665,455,200630,1943,1450,1102,792
CRM,210430,5963,4408,340,469,210131,5817,4338,193,267,201031,5419,4025,224,1081,200731,5151,3840,178,2625
SBAC,210331,,418.96,161.93,-11.74,201231,,407.92,165.1,105.78,200930,,401.42,157.74,22.57,200630,,395.72,157.05,22.81
SLB,210331,,719,503,299,201231,,704,546,374,200930,,634,62,-82,200630,,431,-3516,-3434
STX,210402,2731,740,386,329,210101,2623,696,348,280,201002,2314,596,251,223,200703,2517,667,267,166
SEE,210331,,401.1,202.5,110.1,201231,,424.4,220.8,142.2,200930,,404.5,194.5,134,200630,,389.9,186,100.1
SRE,210331,3259,,973,895,201231,3171,,559,461,200930,2644,,409,399,200630,2513,,652,2277
NOW,210331,,1061,97,82,201231,,971.23,12.97,16.65,200930,,900.27,28.58,12.86,200630,,837.9,62.27,40.77
SHW,210331,,2112,506.8,409.6,201231,,2128.7,478.6,407,200930,,2455.3,877.4,705.8,200630,,2208.9,753.8,595.9
SPG,210331,1239.95,1015.97,601.65,446.69,201231,1131.43,916.31,462.05,272.32,200930,1060.67,838.16,404.02,146.76,200630,1062.04,860.12,450.87,255.05
SWKS,210402,,578.4,374.7,325,210101,,761.7,570.7,509.3,201002,,458.9,267.6,246.9,200626,,334.1,147.5,129.7
SNA,210403,1113.2,602.2,266.2,192.6,210102,1167.8,610.5,284.7,208.9,200926,1027.4,556,251.3,179.7,200627,808.9,430.9,148.7,101.2
SO,210331,,,1598,1139,201231,,,677,391,200930,,,1835,1255,200630,,,904,616
LUV,210331,,1270,199,116,201231,,1353,-1168,-908,200930,,1106,-1411,-1157,200630,,476,-1127,-915
SWK,210403,,1569.5,649.1,487.4,210102,,1567.8,590.1,467.3,200926,,1383.3,520.3,394.9,200627,,1055.7,165.9,238.4
SBUX,210328,6668,1852.3,987.6,659.4,201227,6749.4,1833,913.5,622.2,200927,6203.1,1543.1,558.3,392.6,200628,4222.1,200.3,-703.9,-678.4
STT,210331,,,,519,201231,,,,537,200930,,,,555,200630,,,,694
STE,210331,,381.63,146.07,88.85,201231,,345.86,147.03,114.5,200930,,330.04,141.26,105.86,200630,,285.57,114,88.19
SYK,210331,3953,2431,470,302,201231,4262,2773,749,568,200930,3737,2461,859,621,200630,2764,1583,-20,-83
SIVB,210331,,,,536.81,201231,,,,392.91,200930,,,,446.31,200630,,,,233.53
SYF,210331,,,,1025,201231,,,,738,200930,,,,313,200630,,,,48
SNPS,210430,1024.32,810.34,194.23,195.08,210131,970.32,762.32,148.35,162.34,201031,1025.44,800.89,196.13,197.46,200731,964.13,771.13,210.6,252.91
SYY,210327,11824.59,2122.67,235.92,88.93,201226,11558.98,2098.46,212.06,67.29,200926,11777.38,2219.84,419.58,216.9,200627,8866.56,1565.65,-587.48,-618.42
TMUS,210331,19759,11386,2139,933,201231,20341,11222,1712,750,200930,19272,11670,2565,1253,200630,17671,10946,820,110
TROW,210331,,,895.8,749.4,201231,,,756.5,783.4,200930,,,728.9,643.2,200630,,,553.7,603
TTWO,210331,839.43,559.78,255.82,218.81,201231,860.89,514.64,176.06,182.25,200930,841.14,408.64,115.37,99.32,200630,831.31,354.62,82.14,88.5
TPR,210327,,911.9,116.7,91.7,201226,,1173.7,389.4,311,200926,,830.2,202.2,231.7,200627,,514.6,-280,-293.8
TGT,210501,,7481,2709,2097,210130,,7864,1836,1380,201031,,7123,1423,1014,200801,,7302,2300,1690
TEL,210326,3738,1210,612,506,201225,3522,1146,448,381,200925,3261,969,347,230,200626,2548,707,134,-41
TDY,210404,805.7,313.2,121.8,84.7,210103,809.3,315.7,143.8,132.1,200927,749,290.5,122.5,93.9,200628,743.3,282.7,109.8,93.7
TFX,210328,,344.53,103.43,74.87,201231,,383.55,95.08,76.13,200927,,329.32,132.09,116.59,200628,,278.37,38.81,11.46
TER,210404,,461.62,233.01,205.51,201231,,449.79,234.08,196.33,200927,,458.93,269.66,222.72,200628,,471.47,217.95,188.91
TSLA,210331,,2215,594,438,201231,,2066,575,270,200930,,2063,809,300,200630,,1267,327,104
TXN,210331,,2797,1939,1753,201231,,2646,1813,1688,200930,,2453,1609,1353,200630,,2082,1228,1380
TXT,210403,,479,190,171,210102,,543,235,236,201003,,403,138,115,200704,,221,-96,-92
TMO,210403,,5209,3049,2337,201231,,5556,3071,2498,200926,,4331,2426,1933,200627,,3377,1391,1156
TJX,210501,,2831.03,766.03,533.93,210130,,3060.64,555.3,325.52,201031,,3055,1065.68,866.66,200801,,1493.09,-34.38,-214.22
TSCO,210327,,983.78,230.54,181.35,201226,,995.53,184.47,135.89,200926,,947.96,252.18,190.61,200627,,1156.81,447.75,338.68
TT,210331,,955,353.2,235.2,201231,,950.1,388,244.7,200930,,1138,566.9,400.6,200630,,986.6,423.5,238.8
TDG,210403,,608,370,104,210102,,554,315,50,200930,,560,311,82,200627,,510,285,-6
TRV,210331,,,973,733,201231,,,1699,1310,200930,,,1073,827,200630,,,0,-40
TRMB,210402,,493.3,140.9,114.5,210101,,468.5,121.9,180.3,201002,,439.7,102,84.7,200703,,405.7,97.6,63
TFC,210331,5691,,,1477,201231,5896,,,1329,200930,5833,,,1138,200630,6311,,,955
TWTR,210331,,655.01,52.18,68,201231,,856.12,251.92,222.12,200930,,574.85,55.81,28.66,200630,,395.4,-274.43,-1378.01
TYL,210331,,144.21,38.21,36.98,201231,,138.67,48.04,54.09,200930,,143.51,49.66,39.28,200630,,131.2,41.34,53.89
TSN,210403,11300,1348,720,476,210102,10460,1297,705,467,201003,11460,1807,906,613,200627,10022,1628,775,527
UDR,210331,301.44,193.68,75.07,3.1,201231,302.38,197.4,88.26,26.53,200930,310.04,203.45,30.11,-25.26,200630,307.26,204.73,91.78,57.77
ULTA,210501,1938.52,753.79,305.32,230.29,210130,2198.7,771.03,224.27,171.49,201031,1552.03,545.52,101.28,74.8,200801,1228.01,329.01,12.76,8.05
USB,210331,,,,2280,201231,,,,1519,200930,,,,1580,200630,,,,689
UAA,210331,1257.19,628.64,106.89,77.75,201231,1403.77,693.62,55.85,184.45,200930,1433.02,686.32,58.57,38.95,200630,707.64,349.17,-169.67,-182.9
UA,210331,1257.19,628.64,106.89,77.75,201231,1403.77,693.62,55.85,184.45,200930,1433.02,686.32,58.57,38.95,200630,707.64,349.17,-169.67,-182.9
UNP,210331,5001,4100,1993,1341,201231,5141,4357,2006,1380,200930,4919,4110,2031,1363,200630,4244,3556,1654,1132
UAL,210331,3221,1048,-1381,-1357,201231,3412,1419,-2135,-1897,200930,2489,891,-1615,-1841,200630,1475,261,-1637,-1627
UNH,210331,70196,,6739,4862,201231,65467,,3517,2212,200930,65115,,4651,3172,200630,62138,,9241,6637
UPS,210331,22908,17858,2765,4792,201231,24896,19145,2037,-3347,200930,21238,16683,2363,1957,200630,20459,16244,2212,1768
URI,210331,,714,372,203,201231,,869,510,297,200930,,886,551,208,200630,,701,381,212
UHS,210331,,,295.67,209.09,201231,,,413.96,308.71,200930,,,349.67,241.28,200630,,,358.03,251.93
UNM,210331,3072,,243.2,153,201231,4273.5,,170.3,135.4,200930,2996.3,,349,231.1,200630,3021.2,,385.1,265.5
VLO,210331,,-408,-666,-704,201231,,-230,-470,-359,200930,,-711,-621,-464,200630,,-415,1789,1253
VTR,210331,910.29,423.07,36.91,-57.21,201231,921.16,457.79,165.33,110.45,200930,918.94,423.4,121.09,12.75,200630,943.2,444.05,57.89,-157.17
VRSN,210331,323.62,276.65,210.41,150.35,201231,320.28,274.31,205.31,157.31,200930,317.88,272.86,206.64,170.98,200630,314.37,270.76,211.93,152.48
VRSK,210331,726.1,463.7,250.4,168.6,201231,713.4,452.9,250.6,176.2,200930,702.7,462.7,275.4,185.8,200630,678.8,443,259.7,179
VZ,210331,32867,19345,7770,5245,201231,34692,19870,6997,4588,200930,31543,19209,6586,4357,200630,30447,18698,7106,4700
VRTX,210331,,1531.98,887.83,653.14,201231,,1424.72,745.79,604.19,200930,,1352.09,672.24,667.43,200630,,1339.96,718.03,837.27
VFC,210403,,1350.57,122.49,89.52,201226,,1649.02,412,347.24,200926,,1329.12,319.95,256.72,200627,,583.34,-246.81,-285.61
VIAC,210331,7412,3049,1400,911,201231,6225,2455,977,810,200930,6116,2482,936,615,200630,6275,2911,1183,481
VTRS,210331,,1467.7,-266.2,-1037.6,201231,,1123.1,-881.5,-915.8,200930,,1260.2,351.4,185.7,200630,,1130.6,118.1,39.4
V,210331,5729,4436,3581,3026,201231,5687,4533,3844,3126,200930,5101,3988,3142,2137,200630,4837,3724,2999,2373
VNO,210331,,189,45.37,20.55,201231,,187.44,-230.48,-194.98,200930,,168.32,23.97,65.7,200630,,168.6,103.65,-185.22
VMC,210331,1068.34,229.27,249.51,160.61,201231,1175.12,302.74,196.43,114.52,200930,1309.89,380.5,288.1,199.79,200630,1322.58,396.52,298.9,209.92
WRB,210331,2156.87,,327.12,229.53,201231,2312.47,,459.28,312.15,200930,2039.82,,251.26,151.68,200630,1936.03,,136.44,71.26
WAB,210331,1830.2,538.2,191.6,112.4,201231,2023.7,505.5,161.1,87.9,200930,1865.1,566.2,206.7,128.1,200630,1737.4,486.7,159.4,86.8
WMT,210430,138310,35038,6909,2730,210131,152079,36818,-1913,-2091,201031,134708,34369,4778,5135,200731,137742,35053,6059,6476
WBA,210228,32779,6781,832,1025,201130,31438,6630,-534,-306,200831,34746,6803,650,372,200531,34631,6438,-1655,-1708
DIS,210403,,5831,1337,901,210102,,4474,146,17,201003,,3694,-846,-710,200627,,3883,-4996,-4721
WM,210331,,1972,650,421,201231,,1935,653,438,200930,,1854,628,390,200630,,1684,527,307
WAT,210403,,354.4,171.27,148.13,201231,,466.09,263.71,218.31,200926,,331.44,158.38,126.77,200627,,306.85,155.11,122.93
WEC,210331,2691.4,,629.3,510.4,201231,1933.4,,332.1,239.3,200930,1651,,370.2,267.1,200630,1548.7,,338.8,242.3
WFC,210331,19301,,,4742,201231,19120,,,2992,200930,20294,,,2035,200630,19757,,,-2379
WELL,210331,1052.06,442.13,129.08,71.55,201231,1122.02,509.5,91.59,163.73,200930,1036.87,409.22,44.9,325.58,200630,1188.47,535.53,132.04,179.25
WST,210331,,271.9,175.6,151.2,201231,,211.1,116.1,98.4,200930,,194.6,99.2,82.3,200630,,195.1,103.6,91.2
WDC,210402,,1124,317,197,210101,,948,158,62,201002,,902,70,-60,200703,,1083,261,148
WU,210331,,504,232.8,181.8,201231,,514.6,227.1,177.1,200930,,537.6,285.2,228.6,200630,,453.3,221.8,161.9
WRK,210331,,749.6,197.1,112.5,201231,,752.9,231.9,152,200930,,813.4,-1055.3,-1156,200630,,770,271,178.5
WY,210331,,1076,956,681,201231,,671,843,292,200930,,720,487,283,200630,,348,232,72
WHR,210331,5358,1148,618,433,201231,5798,1364,716,497,200930,5291,1155,570,397,200630,4042,631,77,35
WMB,210331,2612,1659,739,426,201231,2092,1575,410,116,200930,1933,1532,641,309,200630,1781,1495,612,303
WLTW,210331,2590,,452,733,201231,2764,,585,476,200930,2009,,158,121,200630,2113,,163,94
WYNN,210331,725.78,203.77,-177.05,-280.98,201231,686,207.41,-178.61,-269.5,200930,370.45,83.75,-286.15,-758.14,200630,85.7,-154.57,-523.63,-637.56
XEL,210331,,,507,362,201231,,,426,288,200930,,,813,603,200630,,,422,287
XLNX,210403,,570.4,199.78,187.88,210102,,547,172.43,170.97,200926,,541.72,205.42,193.82,200627,,493.87,175.51,93.84
XYL,210331,1256,490,133,87,201231,1373,526,179,148,200930,1220,461,73,37,200630,1160,434,54,31
YUM,210331,1486,728,543,326,201231,1743,818,481,332,200930,1448,723,470,283,200630,1198,549,300,206
ZBRA,210403,,655,272,228,201231,,618,231,199,200926,,493,150,116,200627,,419,119,100
ZBH,210331,,1331,265.6,198.1,201231,,1438,240.7,333.7,200930,,1359.9,299.2,242.5,200630,,801.6,-171.7,-206.6
ZION,210331,,,,322,201231,,,,284,200930,,,,175,200630,,,,66
ZTS,210331,1871,1328,687,559,201231,1807,1209,420,359,200930,1786,1243,597,479,200630,1548,1102,482,377
