﻿Symbol,Name
MMM,3M Company
ABT,Abbott Laboratories
ABBV,AbbVie Inc.
ABMD,Abiomed
ACN,Accenture
ATVI,Activision Blizzard
ADBE,Adobe Inc.
AMD,Advanced Micro Devices
AAP,Advance Auto Parts
AES,AES Corp
AFL,Aflac
A,Agilent Technologies
APD,Air Products & Chemicals
AKAM,Akamai Technologies
ALK,Alaska Air Group
ALB,Albemarle Corporation
ARE,Alexandria Real Estate Equities
ALXN,Alexion Pharmaceuticals
ALGN,Align Technology
ALLE,Allegion
LNT,Alliant Energy
ALL,Allstate Corp
GOOGL,Alphabet Inc. (Class A)
GOOG,Alphabet Inc. (Class C)
MO,Altria Group Inc
AMZN,Amazon.com Inc.
AMCR,Amcor plc
AEE,Ameren Corp
AAL,American Airlines Group
AEP,American Electric Power
AXP,American Express
AIG,American International Group
AMT,American Tower Corp.
AWK,American Water Works
AMP,Ameriprise Financial
ABC,AmerisourceBergen
AME,Ametek
AMGN,Amgen Inc.
APH,Amphenol Corp
ADI,"Analog Devices, Inc."
ANSS,"ANSYS, Inc."
ANTM,Anthem
AON,Aon plc
AOS,A.O. Smith Corp
APA,APA Corporation
AAPL,Apple Inc.
AMAT,Applied Materials Inc.
APTV,Aptiv PLC
ADM,Archer-Daniels-Midland Co
ANET,Arista Networks
AJG,Arthur J. Gallagher & Co.
AIZ,Assurant
T,AT&T Inc.
ATO,Atmos Energy
ADSK,Autodesk Inc.
ADP,Automatic Data Processing
AZO,AutoZone Inc
AVB,AvalonBay Communities
AVY,Avery Dennison Corp
BKR,Baker Hughes Co
BLL,Ball Corp
BAC,Bank of America Corp
BK,The Bank of New York Mellon
BAX,Baxter International Inc.
BDX,Becton Dickinson
BRKB,Berkshire Hathaway
BBY,Best Buy Co. Inc.
BIO,Bio-Rad Laboratories
BIIB,Biogen Inc.
BLK,BlackRock
BA,Boeing Company
BKNG,Booking Holdings Inc
BWA,BorgWarner
BXP,Boston Properties
BSX,Boston Scientific
BMY,Bristol-Myers Squibb
AVGO,Broadcom Inc.
BR,Broadridge Financial Solutions
BFB,Brown-Forman Corp.
CHRW,C. H. Robinson Worldwide
COG,Cabot Oil & Gas
CDNS,Cadence Design Systems
CZR,Caesars Entertainment
CPB,Campbell Soup
COF,Capital One Financial
CAH,Cardinal Health Inc.
KMX,Carmax Inc
CCL,Carnival Corp.
CARR,Carrier Global
CTLT,Catalent
CAT,Caterpillar Inc.
CBOE,Cboe Global Markets
CBRE,CBRE Group
CDW,CDW
CE,Celanese
CNC,Centene Corporation
CNP,CenterPoint Energy
CERN,Cerner
CF,CF Industries Holdings Inc
CRL,Charles River Laboratories
SCHW,Charles Schwab Corporation
CHTR,Charter Communications
CVX,Chevron Corp.
CMG,Chipotle Mexican Grill
CB,Chubb Limited
CHD,Church & Dwight
CI,Cigna
CINF,Cincinnati Financial
CTAS,Cintas Corporation
CSCO,Cisco Systems
C,Citigroup Inc.
CFG,Citizens Financial Group
CTXS,Citrix Systems
CLX,The Clorox Company
CME,CME Group Inc.
CMS,CMS Energy
KO,Coca-Cola Company
CTSH,Cognizant Technology Solutions
CL,Colgate-Palmolive
CMCSA,Comcast Corp.
CMA,Comerica Inc.
CAG,Conagra Brands
COP,ConocoPhillips
ED,Consolidated Edison
STZ,Constellation Brands
COO,The Cooper Companies
CPRT,Copart Inc
GLW,Corning Inc.
CTVA,Corteva
COST,Costco Wholesale Corp.
CCI,Crown Castle
CSX,CSX Corp.
CMI,Cummins Inc.
CVS,CVS Health
DHI,D. R. Horton
DHR,Danaher Corp.
DRI,Darden Restaurants
DVA,DaVita Inc.
DE,Deere & Co.
DAL,Delta Air Lines Inc.
XRAY,Dentsply Sirona
DVN,Devon Energy
DXCM,DexCom
FANG,Diamondback Energy
DLR,Digital Realty Trust Inc
DFS,Discover Financial Services
DISCA,"Discovery, Inc. (Series A)"
DISCK,"Discovery, Inc. (Series C)"
DISH,Dish Network
DG,Dollar General
DLTR,Dollar Tree
D,Dominion Energy
DPZ,Domino's Pizza
DOV,Dover Corporation
DOW,Dow Inc.
DTE,DTE Energy Co.
DUK,Duke Energy
DRE,Duke Realty Corp
DD,DuPont de Nemours Inc
DXC,DXC Technology
EMN,Eastman Chemical
ETN,Eaton Corporation
EBAY,eBay Inc.
ECL,Ecolab Inc.
EIX,Edison Int'l
EW,Edwards Lifesciences
EA,Electronic Arts
EMR,Emerson Electric Company
ENPH,Enphase Energy
ETR,Entergy Corp.
EOG,EOG Resources
EFX,Equifax Inc.
EQIX,Equinix
EQR,Equity Residential
ESS,"Essex Property Trust, Inc."
EL,Estée Lauder Companies
ETSY,Etsy
EVRG,Evergy
ES,Eversource Energy
RE,Everest Re Group Ltd.
EXC,Exelon Corp.
EXPE,Expedia Group
EXPD,Expeditors
EXR,Extra Space Storage
XOM,Exxon Mobil Corp.
FFIV,F5 Networks
FB,"Facebook, Inc."
FAST,Fastenal Co
FRT,Federal Realty Investment Trust
FDX,FedEx Corporation
FIS,Fidelity National Information Services
FITB,Fifth Third Bancorp
FE,FirstEnergy Corp
FRC,First Republic Bank
FISV,Fiserv Inc
FLT,FleetCor Technologies Inc
FMC,FMC Corporation
F,Ford Motor Company
FTNT,Fortinet
FTV,Fortive Corp
FBHS,Fortune Brands Home & Security
FOXA,Fox Corporation (Class A)
FOX,Fox Corporation (Class B)
BEN,Franklin Resources
FCX,Freeport-McMoRan Inc.
GPS,Gap Inc.
GRMN,Garmin Ltd.
IT,Gartner Inc
GNRC,Generac Holdings
GD,General Dynamics
GE,General Electric
GIS,General Mills
GM,General Motors
GPC,Genuine Parts
GILD,Gilead Sciences
GL,Globe Life Inc.
GPN,Global Payments Inc.
GS,Goldman Sachs Group
GWW,Grainger (W.W.) Inc.
HAL,Halliburton Co.
HBI,Hanesbrands Inc
HIG,Hartford Financial Svc.Gp.
HAS,Hasbro Inc.
HCA,HCA Healthcare
PEAK,Healthpeak Properties
HSIC,Henry Schein
HSY,The Hershey Company
HES,Hess Corporation
HPE,Hewlett Packard Enterprise
HLT,Hilton Worldwide Holdings Inc
OGN,Organon Co
HOLX,Hologic
HD,Home Depot
HON,Honeywell Int'l Inc.
HRL,Hormel Foods Corp.
HST,Host Hotels & Resorts
HWM,Howmet Aerospace
HPQ,HP Inc.
HUM,Humana Inc.
HBAN,Huntington Bancshares
HII,Huntington Ingalls Industries
IEX,IDEX Corporation
IDXX,Idexx Laboratories
INFO,IHS Markit
ITW,Illinois Tool Works
ILMN,Illumina Inc
INCY,Incyte
IR,Ingersoll Rand
INTC,Intel Corp.
ICE,Intercontinental Exchange
IBM,International Business Machines
IP,International Paper
IPG,Interpublic Group
IFF,International Flavors & Fragrances
INTU,Intuit Inc.
ISRG,Intuitive Surgical Inc.
IVZ,Invesco Ltd.
IPGP,IPG Photonics Corp.
IQV,IQVIA Holdings Inc.
IRM,Iron Mountain Incorporated
JKHY,Jack Henry & Associates
J,Jacobs Engineering Group
JBHT,J. B. Hunt Transport Services
SJM,JM Smucker
JNJ,Johnson & Johnson
JCI,Johnson Controls International
JPM,JPMorgan Chase & Co.
JNPR,Juniper Networks
KSU,Kansas City Southern
K,Kellogg Co.
KEY,KeyCorp
KEYS,Keysight Technologies
KMB,Kimberly-Clark
KIM,Kimco Realty
KMI,Kinder Morgan
KLAC,KLA Corporation
KHC,Kraft Heinz Co
KR,Kroger Co.
LB,L Brands Inc.
LHX,L3Harris Technologies
LH,Laboratory Corp. of America Holding
LRCX,Lam Research
LW,Lamb Weston Holdings Inc
LVS,Las Vegas Sands
LEG,Leggett & Platt
LDOS,Leidos Holdings
LEN,Lennar Corp.
LLY,Lilly (Eli) & Co.
LNC,Lincoln National
LIN,Linde plc
LYV,Live Nation Entertainment
LKQ,LKQ Corporation
LMT,Lockheed Martin Corp.
L,Loews Corp.
LOW,Lowe's Cos.
LUMN,Lumen Technologies
LYB,LyondellBasell
MTB,M&T Bank
MRO,Marathon Oil Corp.
MPC,Marathon Petroleum
MKTX,MarketAxess
MAR,Marriott International
MMC,Marsh & McLennan
MLM,Martin Marietta Materials
MAS,Masco Corp.
MA,Mastercard Inc.
MKC,McCormick & Co.
MXIM,Maxim Integrated Products
MCD,McDonald's Corp.
MCK,McKesson Corp.
MDT,Medtronic plc
MRK,Merck & Co.
MET,MetLife Inc.
MTD,Mettler Toledo
MGM,MGM Resorts International
MCHP,Microchip Technology
MU,Micron Technology
MSFT,Microsoft Corp.
MAA,Mid-America Apartments
MHK,Mohawk Industries
TAP,Molson Coors Beverage Company
MDLZ,Mondelez International
MPWR,Monolithic Power Systems
MNST,Monster Beverage
MCO,Moody's Corp
MS,Morgan Stanley
MOS,The Mosaic Company
MSI,Motorola Solutions Inc.
MSCI,MSCI Inc
NDAQ,"Nasdaq, Inc."
NTAP,NetApp
NFLX,Netflix Inc.
NWL,Newell Brands
NEM,Newmont Corporation
NWSA,News Corp (Class A)
NWS,News Corp (Class B)
NEE,NextEra Energy
NLSN,Nielsen Holdings
NKE,"Nike, Inc."
NI,NiSource Inc.
NSC,Norfolk Southern Corp.
NTRS,Northern Trust Corp.
NOC,Northrop Grumman
NLOK,NortonLifeLock
NCLH,Norwegian Cruise Line Holdings
NOV,NOV Inc.
NRG,NRG Energy
NUE,Nucor Corp.
NVDA,Nvidia Corporation
NVR,"NVR, Inc."
NXPI,NXP Semiconductors
ORLY,O'Reilly Automotive
OXY,Occidental Petroleum
ODFL,Old Dominion Freight Line
OMC,Omnicom Group
OKE,Oneok
ORCL,Oracle Corp.
OTIS,Otis Worldwide
PCAR,Paccar
PKG,Packaging Corporation of America
PH,Parker-Hannifin
PAYX,Paychex Inc.
PAYC,Paycom
PYPL,PayPal
PENN,Penn National Gaming
PNR,Pentair plc
PBCT,People's United Financial
PEP,PepsiCo Inc.
PKI,PerkinElmer
PRGO,Perrigo
PFE,Pfizer Inc.
PM,Philip Morris International
PSX,Phillips 66
PNW,Pinnacle West Capital
PXD,Pioneer Natural Resources
PNC,PNC Financial Services
POOL,Pool Corporation
PPG,PPG Industries
PPL,PPL Corp.
PFG,Principal Financial Group
PG,Procter & Gamble
PGR,Progressive Corp.
PLD,Prologis
PRU,Prudential Financial
PTC,PTC Inc.
PEG,Public Service Enterprise Group (PSEG)
PSA,Public Storage
PHM,PulteGroup
PVH,PVH Corp.
QRVO,Qorvo
PWR,Quanta Services Inc.
QCOM,Qualcomm
DGX,Quest Diagnostics
RL,Ralph Lauren Corporation
RJF,Raymond James Financial
RTX,Raytheon Technologies
O,Realty Income Corporation
REG,Regency Centers Corporation
REGN,Regeneron Pharmaceuticals
RF,Regions Financial Corp.
RSG,Republic Services Inc
RMD,ResMed
RHI,Robert Half International
ROK,Rockwell Automation Inc.
ROL,"Rollins, Inc."
ROP,Roper Technologies
ROST,Ross Stores
RCL,Royal Caribbean Group
SPGI,S&P Global Inc.
CRM,Salesforce.com
SBAC,SBA Communications
SLB,Schlumberger Ltd.
STX,Seagate Technology
SEE,Sealed Air
SRE,Sempra Energy
NOW,ServiceNow
SHW,Sherwin-Williams
SPG,Simon Property Group Inc
SWKS,Skyworks Solutions
SNA,Snap-on
SO,Southern Company
LUV,Southwest Airlines
SWK,Stanley Black & Decker
SBUX,Starbucks Corp.
STT,State Street Corp.
STE,Steris
SYK,Stryker Corp.
SIVB,SVB Financial
SYF,Synchrony Financial
SNPS,Synopsys Inc.
SYY,Sysco Corp.
TMUS,T-Mobile US
TROW,T. Rowe Price Group
TTWO,Take-Two Interactive
TPR,"Tapestry, Inc."
TGT,Target Corp.
TEL,TE Connectivity Ltd.
TDY,Teledyne Technologies
TFX,Teleflex
TER,Teradyne
TSLA,"Tesla, Inc."
TXN,Texas Instruments
TXT,Textron Inc.
TMO,Thermo Fisher Scientific
TJX,TJX Companies Inc.
TSCO,Tractor Supply Company
TT,Trane Technologies plc
TDG,TransDigm Group
TRV,The Travelers Companies
TRMB,Trimble Inc.
TFC,Truist Financial
TWTR,"Twitter, Inc."
TYL,Tyler Technologies
TSN,Tyson Foods
UDR,"UDR, Inc."
ULTA,Ulta Beauty
USB,U.S. Bancorp
UAA,Under Armour (Class A)
UA,Under Armour (Class C)
UNP,Union Pacific Corp
UAL,United Airlines Holdings
UNH,UnitedHealth Group Inc.
UPS,United Parcel Service
URI,"United Rentals, Inc."
UHS,Universal Health Services
UNM,Unum Group
VLO,Valero Energy
VTR,Ventas Inc
VRSN,Verisign Inc.
VRSK,Verisk Analytics
VZ,Verizon Communications
VRTX,Vertex Pharmaceuticals Inc
VFC,VF Corporation
VIAC,ViacomCBS
VTRS,Viatris
V,Visa Inc.
VNO,Vornado Realty Trust
VMC,Vulcan Materials
WRB,W. R. Berkley Corporation
WAB,Westinghouse Air Brake Technologies Corp
WMT,Walmart
WBA,Walgreens Boots Alliance
DIS,The Walt Disney Company
WM,Waste Management Inc.
WAT,Waters Corporation
WEC,WEC Energy Group
WFC,Wells Fargo
WELL,Welltower Inc.
WST,West Pharmaceutical Services
WDC,Western Digital
WU,Western Union Co
WRK,WestRock
WY,Weyerhaeuser
WHR,Whirlpool Corp.
WMB,Williams Companies
WLTW,Willis Towers Watson
WYNN,Wynn Resorts Ltd
XEL,Xcel Energy Inc
XLNX,Xilinx
XYL,Xylem Inc.
YUM,Yum! Brands Inc
ZBRA,Zebra Technologies
ZBH,Zimmer Biomet
ZION,Zions Bancorp
ZTS,Zoetis
